-----PROMPT CREATING USI_ATTACHMENT...
CREATE TABLE USI_ATTACHMENT
(
  ID              NUMBER NOT NULL,
  FILE_NAME       VARCHAR2(64),
  FILE_SIZE       NUMBER,
  FILE_TYPE       VARCHAR2(32),
  ATTACHMENT_TYPE VARCHAR2(32),
  DATA_ID         NUMBER,
  FILE_CODE       VARCHAR2(64),
  DESCN           VARCHAR2(256),
  DEL_FLAG        NUMBER,
  CREATE_TIME     DATE,
  CREATE_USER     VARCHAR2(64),
  UPDATE_TIME     DATE,
  UPDATE_USER     VARCHAR2(64)
)
;
ALTER TABLE USI_ATTACHMENT
  ADD CONSTRAINT PRIMARYUSI_ATTACHMENT1 PRIMARY KEY (ID);

-----PROMPT CREATING USI_DICT_ENTRY...
CREATE TABLE USI_DICT_ENTRY
(
  ID           NUMBER NOT NULL,
  CODE         VARCHAR2(64),
  ENABLED      VARCHAR2(1),
  NAME         VARCHAR2(64),
  ORDER_INDEX  NUMBER,
  DICT_TYPE_ID NUMBER,
  DEL_FLAG     NUMBER,
  CREATE_TIME  DATE,
  CREATE_USER  VARCHAR2(64),
  UPDATE_TIME  DATE,
  UPDATE_USER  VARCHAR2(64)
)
;
CREATE INDEX IDX_FK533311343A8CB7FBUSI_DICT ON USI_DICT_ENTRY (DICT_TYPE_ID);
ALTER TABLE USI_DICT_ENTRY
  ADD CONSTRAINT PRIMARYUSI_DICT_ENTRY1 PRIMARY KEY (ID);

-----PROMPT CREATING USI_DICT_TYPE...
CREATE TABLE USI_DICT_TYPE
(
  ID          NUMBER NOT NULL,
  MODULE      VARCHAR2(64),
  CODE        VARCHAR2(64),
  MEMO        VARCHAR2(256),
  NAME        VARCHAR2(64),
  DEL_FLAG    NUMBER,
  CREATE_TIME DATE,
  CREATE_USER VARCHAR2(64),
  UPDATE_TIME DATE,
  UPDATE_USER VARCHAR2(64)
)
;
ALTER TABLE USI_DICT_TYPE
  ADD CONSTRAINT PRIMARYUSI_DICT_TYPE1 PRIMARY KEY (ID);

-----PROMPT CREATING USI_LOGIN_LOG...
CREATE TABLE USI_LOGIN_LOG
(
  ID           NUMBER NOT NULL,
  SESSION_ID   VARCHAR2(256),
  ORG_NAME     VARCHAR2(64),
  USER_CODE    VARCHAR2(64),
  CLIENT_TYPE  VARCHAR2(128),
  IP           VARCHAR2(64),
  LOGIN_DATE   DATE,
  LOGOUT_DATE  DATE,
  LOGIN_STATUS VARCHAR2(64)
)
;
ALTER TABLE USI_LOGIN_LOG
  ADD CONSTRAINT PRIMARYUSI_LOGIN_LOG1 PRIMARY KEY (ID);

-----PROMPT CREATING USI_MENU...
CREATE TABLE USI_MENU
(
  ID          NUMBER NOT NULL,
  DESCN       VARCHAR2(256),
  ICONCLS     VARCHAR2(30),
  ISLEAF      VARCHAR2(1),
  LEVEL_      NUMBER,
  MENUSEQ     VARCHAR2(128),
  NAME        VARCHAR2(64),
  PARENTID    NUMBER,
  THESORT     NUMBER,
  RESOURCE_ID NUMBER,
  DEL_FLAG    NUMBER,
  CREATE_TIME DATE,
  CREATE_USER VARCHAR2(64),
  UPDATE_TIME DATE,
  UPDATE_USER VARCHAR2(64)
)
;
CREATE INDEX IDX_FKBB5B107D3B1AA04EUSI_MENU ON USI_MENU (RESOURCE_ID);
ALTER TABLE USI_MENU
  ADD CONSTRAINT PRIMARYUSI_MENU1 PRIMARY KEY (ID);

-----PROMPT CREATING USI_OPERATION...
CREATE TABLE USI_OPERATION
(
  ID          NUMBER NOT NULL,
  CODE        VARCHAR2(64),
  MEMO        VARCHAR2(256),
  NAME        VARCHAR2(64),
  ORDER_INDEX NUMBER,
  DEL_FLAG    NUMBER,
  CREATE_TIME DATE,
  CREATE_USER VARCHAR2(64),
  UPDATE_TIME DATE,
  UPDATE_USER VARCHAR2(64)
)
;
ALTER TABLE USI_OPERATION
  ADD CONSTRAINT PRIMARYUSI_OPERATION1 PRIMARY KEY (ID);

-----PROMPT CREATING USI_ORGANIZATION...
CREATE TABLE USI_ORGANIZATION
(
  ID          NUMBER NOT NULL,
  LEVEL_      NUMBER,
  NAME        VARCHAR2(64),
  AREACODE	  VARCHAR2(8),
  ORGSEQ      VARCHAR2(128),
  PARENTID    NUMBER,
  THESORT     NUMBER,
  DESCN       VARCHAR2(256),
  DEL_FLAG    NUMBER,
  CREATE_TIME DATE,
  CREATE_USER VARCHAR2(64),
  UPDATE_TIME DATE,
  UPDATE_USER VARCHAR2(64)
)
;
ALTER TABLE USI_ORGANIZATION
  ADD CONSTRAINT PRIMARYUSI_ORGANIZATION1 PRIMARY KEY (ID);

-----PROMPT CREATING USI_PRIMARYKEY...
CREATE TABLE USI_PRIMARYKEY
(
  CODE NUMBER NOT NULL,
  NAME VARCHAR2(30) NOT NULL
)
;
ALTER TABLE USI_PRIMARYKEY
  ADD CONSTRAINT PRIMARYUSI_PRIMARYKEY1 PRIMARY KEY (CODE, NAME);

-----PROMPT CREATING USI_RESOURCE...
CREATE TABLE USI_RESOURCE
(
  ID          NUMBER NOT NULL,
  MODULE      VARCHAR2(64),
  NAME        VARCHAR2(64),
  ACTION      VARCHAR2(128),
  DESCN       VARCHAR2(256),
  ENABLED     VARCHAR2(1),
  PRIORITY    NUMBER,
  TYPE        VARCHAR2(32),
  DEL_FLAG    NUMBER,
  CREATE_TIME DATE,
  CREATE_USER VARCHAR2(64),
  UPDATE_TIME DATE,
  UPDATE_USER VARCHAR2(64)
)
;
ALTER TABLE USI_RESOURCE
  ADD CONSTRAINT PRIMARYUSI_RESOURCE1 PRIMARY KEY (ID);

-----PROMPT CREATING USI_ROLE...
CREATE TABLE USI_ROLE
(
  ID          NUMBER NOT NULL,
  CODE        VARCHAR2(64),
  NAME        VARCHAR2(64),
  ENABLED     VARCHAR2(1),
  DESCN       VARCHAR2(256),
  DEL_FLAG    NUMBER,
  CREATE_TIME DATE,
  CREATE_USER VARCHAR2(64),
  UPDATE_TIME DATE,
  UPDATE_USER VARCHAR2(64)
)
;
ALTER TABLE USI_ROLE
  ADD CONSTRAINT PRIMARYUSI_ROLE1 PRIMARY KEY (ID);

-----PROMPT CREATING USI_ROLE_RESOURCE...
CREATE TABLE USI_ROLE_RESOURCE
(
  ROLE_ID     NUMBER NOT NULL,
  RESOURCE_ID NUMBER NOT NULL
)
;
ALTER TABLE USI_ROLE_RESOURCE
  ADD CONSTRAINT PRIMARYUSI_ROLE_RESOURCE1 PRIMARY KEY (ROLE_ID, RESOURCE_ID);

-----PROMPT CREATING USI_USER...
CREATE TABLE USI_USER
(
  ID                NUMBER NOT NULL,
  USER_CODE         VARCHAR2(64),
  USER_NAME         VARCHAR2(64),
  PASSWORD          VARCHAR2(32),
  SALT              VARCHAR2(32),
  AREA_ID           NUMBER,
  ORG_ID            NUMBER,
  BIRTHDAY          VARCHAR2(16),
  GENDER            VARCHAR2(1),
  EMAIL             VARCHAR2(64),
  PHONE_NO          VARCHAR2(16),
  MPHONE_NO         VARCHAR2(16),
  ERROR_COUNT       NUMBER,
  LAST_LOGIN_TIME   DATE,
  PASSWD_INVAL_TIME DATE,
  LOCK_TIME         DATE,
  DEL_FLAG          NUMBER,
  CREATE_TIME       DATE,
  CREATE_USER       VARCHAR2(64),
  UPDATE_TIME       DATE,
  UPDATE_USER       VARCHAR2(64)
)
;
ALTER TABLE USI_USER
  ADD CONSTRAINT PRIMARYUSI_USER1 PRIMARY KEY (ID);

-----PROMPT CREATING USI_USER_ROLE...
CREATE TABLE USI_USER_ROLE
(
  USER_ID NUMBER NOT NULL,
  ROLE_ID NUMBER NOT NULL
)
;
ALTER TABLE USI_USER_ROLE
  ADD CONSTRAINT PRIMARYUSI_USER_ROLE1 PRIMARY KEY (USER_ID, ROLE_ID);
  
-----PROMPT LOADING USI_ATTACHMENT...
-----PROMPT TABLE IS EMPTY
-----PROMPT LOADING USI_DICT_ENTRY...
INSERT INTO USI_DICT_ENTRY (ID, CODE, ENABLED, NAME, ORDER_INDEX, DICT_TYPE_ID, DEL_FLAG, CREATE_TIME, CREATE_USER, UPDATE_TIME, UPDATE_USER)
VALUES (1, 'M', 'Y', '男', 1, 10001, NULL, NULL, 'ADMIN', NULL, NULL);
INSERT INTO USI_DICT_ENTRY (ID, CODE, ENABLED, NAME, ORDER_INDEX, DICT_TYPE_ID, DEL_FLAG, CREATE_TIME, CREATE_USER, UPDATE_TIME, UPDATE_USER)
VALUES (2, 'F', 'Y', '女', 2, 10001, NULL, NULL, 'ADMIN', NULL, 'ADMIN');
INSERT INTO USI_DICT_ENTRY (ID, CODE, ENABLED, NAME, ORDER_INDEX, DICT_TYPE_ID, DEL_FLAG, CREATE_TIME, CREATE_USER, UPDATE_TIME, UPDATE_USER)
VALUES (3, 'N', 'Y', '未知', 3, 10001, NULL, NULL, 'ADMIN', NULL, NULL);
INSERT INTO USI_DICT_ENTRY (ID, CODE, ENABLED, NAME, ORDER_INDEX, DICT_TYPE_ID, DEL_FLAG, CREATE_TIME, CREATE_USER, UPDATE_TIME, UPDATE_USER)
VALUES (4, 'Y', 'Y', '叶子节点', 1, 10002, NULL, NULL, 'ADMIN', NULL, NULL);
INSERT INTO USI_DICT_ENTRY (ID, CODE, ENABLED, NAME, ORDER_INDEX, DICT_TYPE_ID, DEL_FLAG, CREATE_TIME, CREATE_USER, UPDATE_TIME, UPDATE_USER)
VALUES (5, 'N', 'Y', '非叶子节点', 2, 10002, NULL, NULL, 'ADMIN', NULL, NULL);
INSERT INTO USI_DICT_ENTRY (ID, CODE, ENABLED, NAME, ORDER_INDEX, DICT_TYPE_ID, DEL_FLAG, CREATE_TIME, CREATE_USER, UPDATE_TIME, UPDATE_USER)
VALUES (6, 'Y', 'Y', '有效', 1, 10003, NULL, NULL, 'ADMIN', NULL, NULL);
INSERT INTO USI_DICT_ENTRY (ID, CODE, ENABLED, NAME, ORDER_INDEX, DICT_TYPE_ID, DEL_FLAG, CREATE_TIME, CREATE_USER, UPDATE_TIME, UPDATE_USER)
VALUES (7, 'N', 'Y', '无效', 2, 10003, NULL, NULL, 'ADMIN', NULL, NULL);
INSERT INTO USI_DICT_ENTRY (ID, CODE, ENABLED, NAME, ORDER_INDEX, DICT_TYPE_ID, DEL_FLAG, CREATE_TIME, CREATE_USER, UPDATE_TIME, UPDATE_USER)
VALUES (8, 'MENU', 'Y', '菜单', 1, 10004, NULL, NULL, 'ADMIN', NULL, NULL);
INSERT INTO USI_DICT_ENTRY (ID, CODE, ENABLED, NAME, ORDER_INDEX, DICT_TYPE_ID, DEL_FLAG, CREATE_TIME, CREATE_USER, UPDATE_TIME, UPDATE_USER)
VALUES (9, 'URI', 'Y', 'URI', 2, 10004, NULL, NULL, 'ADMIN', NULL, NULL);
INSERT INTO USI_DICT_ENTRY (ID, CODE, ENABLED, NAME, ORDER_INDEX, DICT_TYPE_ID, DEL_FLAG, CREATE_TIME, CREATE_USER, UPDATE_TIME, UPDATE_USER)
VALUES (10, 'METHOD', 'Y', '方法', 3, 10004, NULL, NULL, 'ADMIN', NULL, NULL);
INSERT INTO USI_DICT_ENTRY (ID, CODE, ENABLED, NAME, ORDER_INDEX, DICT_TYPE_ID, DEL_FLAG, CREATE_TIME, CREATE_USER, UPDATE_TIME, UPDATE_USER)
VALUES (11, 'FLOW', 'Y', '主流程', 1, 10006, NULL, NULL, NULL, NULL, NULL);
INSERT INTO USI_DICT_ENTRY (ID, CODE, ENABLED, NAME, ORDER_INDEX, DICT_TYPE_ID, DEL_FLAG, CREATE_TIME, CREATE_USER, UPDATE_TIME, UPDATE_USER)
VALUES (12, 'SUBFLOW', 'Y', '子流程', 2, 10006, NULL, NULL, NULL, NULL, NULL);
INSERT  INTO USI_DICT_ENTRY(ID,CODE,ENABLED,NAME,ORDER_INDEX,DICT_TYPE_ID,DEL_FLAG,CREATE_TIME,CREATE_USER,UPDATE_TIME,UPDATE_USER) 
VALUES (13, 'system', 'Y', '系统管理',1,10005,NULL,NULL,'admin',NULL,NULL);
INSERT  INTO USI_DICT_ENTRY(ID,CODE,ENABLED,NAME,ORDER_INDEX,DICT_TYPE_ID,DEL_FLAG,CREATE_TIME,CREATE_USER,UPDATE_TIME,UPDATE_USER)
VALUES (14,'0551','Y','合肥',1,10007,NULL,NULL,'admin',NULL,NULL);
INSERT  INTO USI_DICT_ENTRY(ID,CODE,ENABLED,NAME,ORDER_INDEX,DICT_TYPE_ID,DEL_FLAG,CREATE_TIME,CREATE_USER,UPDATE_TIME,UPDATE_USER)
VALUES (15,'0552','Y','蚌埠',2,10007,NULL,NULL,'admin',NULL,NULL);
INSERT  INTO USI_DICT_ENTRY(ID,CODE,ENABLED,NAME,ORDER_INDEX,DICT_TYPE_ID,DEL_FLAG,CREATE_TIME,CREATE_USER,UPDATE_TIME,UPDATE_USER)
VALUES (16,'0553','Y','芜湖',3,10007,NULL,NULL,'admin',NULL,NULL);
COMMIT;
-----PROMPT 12 RECORDS LOADED
-----PROMPT LOADING USI_DICT_TYPE...
INSERT INTO USI_DICT_TYPE (ID, CODE, MEMO, NAME, DEL_FLAG, CREATE_TIME, CREATE_USER, UPDATE_TIME, UPDATE_USER)
VALUES (10001, 'system', 'CORE.GENDER', '性别：男、女、未知', '性别', NULL, NULL, 'ADMIN', NULL, NULL);
INSERT INTO USI_DICT_TYPE (ID, CODE, MEMO, NAME, DEL_FLAG, CREATE_TIME, CREATE_USER, UPDATE_TIME, UPDATE_USER)
VALUES (10002, 'system', 'CORE.NODE.TYPE', '节点类型：叶子节点和非叶子节点', '节点类型', NULL, NULL, NULL, NULL, NULL);
INSERT INTO USI_DICT_TYPE (ID, CODE, MEMO, NAME, DEL_FLAG, CREATE_TIME, CREATE_USER, UPDATE_TIME, UPDATE_USER)
VALUES (10003, 'system', 'CORE.ENABLED', '状态有效性：有效，无效', '状态有效性', NULL, NULL, NULL, NULL, NULL);
INSERT INTO USI_DICT_TYPE (ID, CODE, MEMO, NAME, DEL_FLAG, CREATE_TIME, CREATE_USER, UPDATE_TIME, UPDATE_USER)
VALUES (10004, 'system', 'CORE.RESOURCE.TYPE', '资源类型：URI、方法、菜单', '资源类型', NULL, NULL, NULL, NULL, NULL);
INSERT  INTO USI_DICT_TYPE(ID,MODULE,CODE,MEMO,NAME,DEL_FLAG,CREATE_TIME,CREATE_USER,UPDATE_TIME,UPDATE_USER) 
VALUES (10005, 'system', 'CORE.MODULE','模块类型：系统管理','模块类型',NULL,NULL,'admin',NULL,NULL);
INSERT INTO USI_DICT_TYPE (ID, CODE, MEMO, NAME, DEL_FLAG, CREATE_TIME, CREATE_USER, UPDATE_TIME, UPDATE_USER)
VALUES (10006, 'system', 'CORE.FLOW.TYPE', '流程类型', '流程类型', NULL, NULL, NULL, NULL, NULL);
INSERT  INTO USI_DICT_TYPE(ID,MODULE,CODE,MEMO,NAME,DEL_FLAG,CREATE_TIME,CREATE_USER,UPDATE_TIME,UPDATE_USER) VALUES
(10007,'system','CORE.ORG.AREA','机构的所属区域','机构区域',NULL,NULL,NULL,NULL,NULL);
COMMIT;
-----PROMPT 5 RECORDS LOADED
-----PROMPT LOADING USI_LOGIN_LOG...
-----PROMPT TABLE IS EMPTY
-----PROMPT LOADING USI_MENU...
INSERT INTO USI_MENU (ID, DESCN, ICONCLS, ISLEAF, LEVEL_, MENUSEQ, NAME, PARENTID, THESORT, RESOURCE_ID, DEL_FLAG, CREATE_TIME, CREATE_USER, UPDATE_TIME, UPDATE_USER)
VALUES (1, '21', NULL, 'N', 1, NULL, '系统管理', 0, 2, 12, NULL, NULL, NULL, NULL, NULL);
INSERT INTO USI_MENU (ID, DESCN, ICONCLS, ISLEAF, LEVEL_, MENUSEQ, NAME, PARENTID, THESORT, RESOURCE_ID, DEL_FLAG, CREATE_TIME, CREATE_USER, UPDATE_TIME, UPDATE_USER)
VALUES (2, '资源管理', NULL, 'Y', 2, NULL, '资源管理', 1, 4, 5, NULL, NULL, NULL, TO_DATE('19-11-2011 13:36:37', 'DD-MM-YYYY HH24:MI:SS'), 'ADMIN');
INSERT INTO USI_MENU (ID, DESCN, ICONCLS, ISLEAF, LEVEL_, MENUSEQ, NAME, PARENTID, THESORT, RESOURCE_ID, DEL_FLAG, CREATE_TIME, CREATE_USER, UPDATE_TIME, UPDATE_USER)
VALUES (3, NULL, NULL, 'Y', 2, NULL, '菜单管理', 1, 6, 6, NULL, NULL, NULL, NULL, 'ADMIN');
INSERT INTO USI_MENU (ID, DESCN, ICONCLS, ISLEAF, LEVEL_, MENUSEQ, NAME, PARENTID, THESORT, RESOURCE_ID, DEL_FLAG, CREATE_TIME, CREATE_USER, UPDATE_TIME, UPDATE_USER)
VALUES (4, NULL, NULL, 'Y', 2, NULL, '角色管理', 1, 3, 7, NULL, NULL, NULL, NULL, 'ADMIN');
INSERT INTO USI_MENU (ID, DESCN, ICONCLS, ISLEAF, LEVEL_, MENUSEQ, NAME, PARENTID, THESORT, RESOURCE_ID, DEL_FLAG, CREATE_TIME, CREATE_USER, UPDATE_TIME, UPDATE_USER)
VALUES (5, '机构管理', NULL, 'Y', 2, NULL, '机构管理', 1, 1, 8, NULL, NULL, 'ADMIN', NULL, NULL);
INSERT INTO USI_MENU (ID, DESCN, ICONCLS, ISLEAF, LEVEL_, MENUSEQ, NAME, PARENTID, THESORT, RESOURCE_ID, DEL_FLAG, CREATE_TIME, CREATE_USER, UPDATE_TIME, UPDATE_USER)
VALUES (7, '用户管理', NULL, 'Y', 2, NULL, '用户管理', 1, 2, 10, NULL, NULL, 'ADMIN', NULL, NULL);
INSERT INTO USI_MENU (ID, DESCN, ICONCLS, ISLEAF, LEVEL_, MENUSEQ, NAME, PARENTID, THESORT, RESOURCE_ID, DEL_FLAG, CREATE_TIME, CREATE_USER, UPDATE_TIME, UPDATE_USER)
VALUES (8, '业务字典', NULL, 'Y', 2, NULL, '业务字典', 1, 7, 11, NULL, NULL, 'ADMIN', NULL, NULL);
INSERT INTO USI_MENU (ID, DESCN, ICONCLS, ISLEAF, LEVEL_, MENUSEQ, NAME, PARENTID, THESORT, RESOURCE_ID, DEL_FLAG, CREATE_TIME, CREATE_USER, UPDATE_TIME, UPDATE_USER)
VALUES (10, '个人工作室', NULL, 'N', 1, NULL, '个人工作室', 0, 1, 15, NULL, NULL, 'ADMIN', NULL, 'ADMIN');
INSERT INTO USI_MENU (ID, DESCN, ICONCLS, ISLEAF, LEVEL_, MENUSEQ, NAME, PARENTID, THESORT, RESOURCE_ID, DEL_FLAG, CREATE_TIME, CREATE_USER, UPDATE_TIME, UPDATE_USER)
VALUES (11, '工作流管理', NULL, 'N', 1, NULL, '工作流管理', 0, 3, 17, NULL, NULL, NULL, NULL, NULL);
INSERT INTO USI_MENU (ID, DESCN, ICONCLS, ISLEAF, LEVEL_, MENUSEQ, NAME, PARENTID, THESORT, RESOURCE_ID, DEL_FLAG, CREATE_TIME, CREATE_USER, UPDATE_TIME, UPDATE_USER)
VALUES (12, '新建任务', NULL, 'Y', 2, NULL, '新建任务', 10, 1, 21, NULL, NULL, NULL, NULL, NULL);
INSERT INTO USI_MENU (ID, DESCN, ICONCLS, ISLEAF, LEVEL_, MENUSEQ, NAME, PARENTID, THESORT, RESOURCE_ID, DEL_FLAG, CREATE_TIME, CREATE_USER, UPDATE_TIME, UPDATE_USER)
VALUES (13, NULL, NULL, 'Y', 2, NULL, '我的任务', 10, 2, 25, NULL, NULL, NULL, NULL, NULL);
INSERT INTO USI_MENU (ID, DESCN, ICONCLS, ISLEAF, LEVEL_, MENUSEQ, NAME, PARENTID, THESORT, RESOURCE_ID, DEL_FLAG, CREATE_TIME, CREATE_USER, UPDATE_TIME, UPDATE_USER)
VALUES (14, NULL, NULL, 'Y', 2, NULL, '已处理任务', 10, 3, 22, NULL, NULL, NULL, NULL, NULL);
INSERT INTO USI_MENU (ID, DESCN, ICONCLS, ISLEAF, LEVEL_, MENUSEQ, NAME, PARENTID, THESORT, RESOURCE_ID, DEL_FLAG, CREATE_TIME, CREATE_USER, UPDATE_TIME, UPDATE_USER)
VALUES (15, NULL, NULL, 'Y', 2, NULL, '流程管理', 11, 1, 24, NULL, NULL, NULL, NULL, NULL);
INSERT INTO USI_MENU (ID, DESCN, ICONCLS, ISLEAF, LEVEL_, MENUSEQ, NAME, PARENTID, THESORT, RESOURCE_ID, DEL_FLAG, CREATE_TIME, CREATE_USER, UPDATE_TIME, UPDATE_USER)
VALUES (16, NULL, NULL, 'Y', 2, NULL, '页面模板管理', 11, 2, 19, NULL, NULL, NULL, NULL, NULL);
INSERT INTO USI_MENU (ID, DESCN, ICONCLS, ISLEAF, LEVEL_, MENUSEQ, NAME, PARENTID, THESORT, RESOURCE_ID, DEL_FLAG, CREATE_TIME, CREATE_USER, UPDATE_TIME, UPDATE_USER)
VALUES (17, NULL, NULL, 'Y', 2, NULL, '操作管理', 11, 3, 20, NULL, NULL, NULL, NULL, NULL);
INSERT INTO USI_MENU (ID, DESCN, ICONCLS, ISLEAF, LEVEL_, MENUSEQ, NAME, PARENTID, THESORT, RESOURCE_ID, DEL_FLAG, CREATE_TIME, CREATE_USER, UPDATE_TIME, UPDATE_USER)
VALUES (18, NULL, NULL, 'Y', 2, NULL, '流程业务类型', 11, 4, 18, NULL, NULL, NULL, NULL, NULL);
INSERT INTO USI_MENU (ID, DESCN, ICONCLS, ISLEAF, LEVEL_, MENUSEQ, NAME, PARENTID, THESORT, RESOURCE_ID, DEL_FLAG, CREATE_TIME, CREATE_USER, UPDATE_TIME, UPDATE_USER)
VALUES (171, NULL, NULL, 'Y', 2, NULL, '文件管理', 1, 7, 221, NULL, NULL, NULL, NULL, NULL);
INSERT INTO USI_MENU (ID, DESCN, ICONCLS, ISLEAF, LEVEL_, MENUSEQ, NAME, PARENTID, THESORT, RESOURCE_ID, DEL_FLAG, CREATE_TIME, CREATE_USER, UPDATE_TIME, UPDATE_USER)
VALUES (181, NULL, NULL, 'Y', 2, NULL, '日志管理', 1, 8, 231, NULL, NULL, NULL, NULL, NULL);
INSERT INTO USI_MENU (ID, DESCN, ICONCLS, ISLEAF, LEVEL_, MENUSEQ, NAME, PARENTID, THESORT, RESOURCE_ID, DEL_FLAG, CREATE_TIME, CREATE_USER, UPDATE_TIME, UPDATE_USER)
VALUES (182, NULL, NULL, 'Y', 2, NULL, 'SQL管理', 1, 9, 232, NULL, NULL, NULL, NULL, NULL);
COMMIT;
-----PROMPT 19 RECORDS LOADED
-----PROMPT LOADING USI_OPERATION...
INSERT INTO USI_OPERATION (ID, CODE, MEMO, NAME, ORDER_INDEX, DEL_FLAG, CREATE_TIME, CREATE_USER, UPDATE_TIME, UPDATE_USER)
VALUES (1, 'CORE.ADD', '添加', '添加', NULL, NULL, NULL, 'ADMIN', NULL, 'ADMIN');
INSERT INTO USI_OPERATION (ID, CODE, MEMO, NAME, ORDER_INDEX, DEL_FLAG, CREATE_TIME, CREATE_USER, UPDATE_TIME, UPDATE_USER)
VALUES (2, 'CORE.UPDATE', '更新', '更新', NULL, NULL, NULL, 'ADMIN', NULL, NULL);
INSERT INTO USI_OPERATION (ID, CODE, MEMO, NAME, ORDER_INDEX, DEL_FLAG, CREATE_TIME, CREATE_USER, UPDATE_TIME, UPDATE_USER)
VALUES (3, 'CORE.REMOVE', '删除', '删除', NULL, NULL, NULL, 'ADMIN', NULL, NULL);
INSERT INTO USI_OPERATION (ID, CODE, MEMO, NAME, ORDER_INDEX, DEL_FLAG, CREATE_TIME, CREATE_USER, UPDATE_TIME, UPDATE_USER)
VALUES (4, 'CORE.AUTHROLE', '授予角色', '授予角色', NULL, NULL, NULL, 'ADMIN', NULL, NULL);
INSERT INTO USI_OPERATION (ID, CODE, MEMO, NAME, ORDER_INDEX, DEL_FLAG, CREATE_TIME, CREATE_USER, UPDATE_TIME, UPDATE_USER)
VALUES (5, 'CORE.AUTHRESOURCE', '授予资源', '授予资源', NULL, NULL, NULL, 'ADMIN', NULL, NULL);
INSERT INTO USI_OPERATION (ID, CODE, MEMO, NAME, ORDER_INDEX, DEL_FLAG, CREATE_TIME, CREATE_USER, UPDATE_TIME, UPDATE_USER)
VALUES (6, 'CORE.AUTHUSER', '授权用户', '授权用户', NULL, NULL, NULL, 'ADMIN', NULL, NULL);
INSERT INTO USI_OPERATION (ID, CODE, MEMO, NAME, ORDER_INDEX, DEL_FLAG, CREATE_TIME, CREATE_USER, UPDATE_TIME, UPDATE_USER)
VALUES (7, 'CORE.ADDSIBLINGNODE', '添加同级节点', '添加同级节点', NULL, NULL, NULL, 'ADMIN', NULL, NULL);
INSERT INTO USI_OPERATION (ID, CODE, MEMO, NAME, ORDER_INDEX, DEL_FLAG, CREATE_TIME, CREATE_USER, UPDATE_TIME, UPDATE_USER)
VALUES (8, 'CORE.ADDCHILDNODE', '添加子节点', '添加子节点', NULL, NULL, NULL, 'ADMIN', NULL, NULL);
INSERT INTO USI_OPERATION (ID, CODE, MEMO, NAME, ORDER_INDEX, DEL_FLAG, CREATE_TIME, CREATE_USER, UPDATE_TIME, UPDATE_USER)
VALUES (9, 'CORE.UPDATENODE', '更新节点', '更新节点', NULL, NULL, NULL, 'ADMIN', NULL, NULL);
INSERT INTO USI_OPERATION (ID, CODE, MEMO, NAME, ORDER_INDEX, DEL_FLAG, CREATE_TIME, CREATE_USER, UPDATE_TIME, UPDATE_USER)
VALUES (10, 'CORE.REMOVENODE', '删除节点', '删除节点', NULL, NULL, NULL, 'ADMIN', NULL, NULL);
INSERT INTO USI_OPERATION (ID, CODE, MEMO, NAME, ORDER_INDEX, DEL_FLAG, CREATE_TIME, CREATE_USER, UPDATE_TIME, UPDATE_USER)
VALUES (11, 'CORE.ORDERNODE', '节点排序', '节点排序', NULL, NULL, NULL, 'ADMIN', NULL, NULL);
COMMIT;
-----PROMPT 11 RECORDS LOADED
-----PROMPT LOADING USI_ORGANIZATION...
INSERT INTO USI_ORGANIZATION (ID, LEVEL_, NAME, AREACODE, ORGSEQ, PARENTID, THESORT, DESCN, DEL_FLAG, CREATE_TIME, CREATE_USER, UPDATE_TIME, UPDATE_USER)
VALUES (1, 1, '安徽电信', NULL, '1.', 0, 1, '安徽电信', 0, NULL, 'ADMIN', NULL, 'ADMIN');
INSERT INTO USI_ORGANIZATION (ID, LEVEL_, NAME, AREACODE, ORGSEQ, PARENTID, THESORT, DESCN, DEL_FLAG, CREATE_TIME, CREATE_USER, UPDATE_TIME, UPDATE_USER)
VALUES (2, 2, '合肥', '0551', '1.2.', 1, 1, '合肥', 0, NULL, 'ADMIN', NULL, 'ADMIN');
INSERT INTO USI_ORGANIZATION (ID, LEVEL_, NAME, AREACODE, ORGSEQ, PARENTID, THESORT, DESCN, DEL_FLAG, CREATE_TIME, CREATE_USER, UPDATE_TIME, UPDATE_USER)
VALUES (3, 2, '蚌埠', '0552', '1.3.', 1, 2, '蚌埠', 0, NULL, 'ADMIN', NULL, 'ADMIN');
INSERT INTO USI_ORGANIZATION (ID, LEVEL_, NAME, AREACODE, ORGSEQ, PARENTID, THESORT, DESCN, DEL_FLAG, CREATE_TIME, CREATE_USER, UPDATE_TIME, UPDATE_USER)
VALUES (4, 2, '芜湖', '0553', '1.4.', 1, 3, '芜湖', 0, NULL, 'ADMIN', NULL, 'ADMIN');
COMMIT;
-----PROMPT 4 RECORDS LOADED
-----PROMPT LOADING USI_PRIMARYKEY...
INSERT INTO USI_PRIMARYKEY (CODE, NAME)
VALUES (10, 'USI_ATTACHMENT');
INSERT INTO USI_PRIMARYKEY (CODE, NAME)
VALUES (10, 'USI_ROLE');
INSERT INTO USI_PRIMARYKEY (CODE, NAME)
VALUES (10, 'USI_LOGIN_LOG');
INSERT INTO USI_PRIMARYKEY (CODE, NAME)
VALUES (30, 'USI_CONFIG');
INSERT INTO USI_PRIMARYKEY (CODE, NAME)
VALUES (30, 'USI_DICT_TYPE');
INSERT INTO USI_PRIMARYKEY (CODE, NAME)
VALUES (40, 'USI_ORGANIZATION');
INSERT INTO USI_PRIMARYKEY (CODE, NAME)
VALUES (60, 'BUSINESSSTARFLOW');
INSERT INTO USI_PRIMARYKEY (CODE, NAME)
VALUES (80, 'TEST_FLOW_LEAVE');
INSERT INTO USI_PRIMARYKEY (CODE, NAME)
VALUES (90, 'USI_OPERATION');
INSERT INTO USI_PRIMARYKEY (CODE, NAME)
VALUES (100, 'USI_USER');
INSERT INTO USI_PRIMARYKEY (CODE, NAME)
VALUES (170, 'USI_DICT_ENTRY');
INSERT INTO USI_PRIMARYKEY (CODE, NAME)
VALUES (190, 'USI_MENU');
INSERT INTO USI_PRIMARYKEY (CODE, NAME)
VALUES (240, 'USI_RESOURCE');
COMMIT;
-----PROMPT 13 RECORDS LOADED
-----PROMPT LOADING USI_RESOURCE...
INSERT INTO USI_RESOURCE (ID, NAME, ACTION, DESCN, ENABLED, PRIORITY, TYPE, DEL_FLAG, CREATE_TIME, CREATE_USER, UPDATE_TIME, UPDATE_USER)
VALUES (4, '所有请求', '/**', NULL, 'Y', 999, 'URI', NULL, NULL, NULL, NULL, 'ADMIN');
INSERT INTO USI_RESOURCE (ID, NAME, ACTION, DESCN, ENABLED, PRIORITY, TYPE, DEL_FLAG, CREATE_TIME, CREATE_USER, UPDATE_TIME, UPDATE_USER)
VALUES (5, '资源管理', './RESOURCE/INDEX', '权限管理', 'Y', 4, 'MENU', NULL, NULL, 'ADMIN', NULL, NULL);
INSERT INTO USI_RESOURCE (ID, NAME, ACTION, DESCN, ENABLED, PRIORITY, TYPE, DEL_FLAG, CREATE_TIME, CREATE_USER, UPDATE_TIME, UPDATE_USER)
VALUES (6, '菜单管理', './MENU/INDEX', NULL, 'Y', 5, 'MENU', NULL, NULL, NULL, NULL, 'ADMIN');
INSERT INTO USI_RESOURCE (ID, NAME, ACTION, DESCN, ENABLED, PRIORITY, TYPE, DEL_FLAG, CREATE_TIME, CREATE_USER, UPDATE_TIME, UPDATE_USER)
VALUES (7, '角色管理', './ROLE/INDEX', NULL, 'Y', 6, 'MENU', NULL, NULL, 'ADMIN', NULL, NULL);
INSERT INTO USI_RESOURCE (ID, NAME, ACTION, DESCN, ENABLED, PRIORITY, TYPE, DEL_FLAG, CREATE_TIME, CREATE_USER, UPDATE_TIME, UPDATE_USER)
VALUES (8, '机构管理', './ORG/INDEX', '机构管理', 'Y', 7, 'MENU', NULL, NULL, 'ADMIN', NULL, NULL);
INSERT INTO USI_RESOURCE (ID, NAME, ACTION, DESCN, ENABLED, PRIORITY, TYPE, DEL_FLAG, CREATE_TIME, CREATE_USER, UPDATE_TIME, UPDATE_USER)
VALUES (10, '用户管理', './USER/INDEX', '用户管理', 'Y', 9, 'MENU', NULL, NULL, 'ADMIN', NULL, NULL);
INSERT INTO USI_RESOURCE (ID, NAME, ACTION, DESCN, ENABLED, PRIORITY, TYPE, DEL_FLAG, CREATE_TIME, CREATE_USER, UPDATE_TIME, UPDATE_USER)
VALUES (11, '业务字典', './DICT/INDEX', '业务字典', 'Y', 10, 'MENU', NULL, NULL, 'ADMIN', NULL, 'ADMIN');
INSERT INTO USI_RESOURCE (ID, NAME, ACTION, DESCN, ENABLED, PRIORITY, TYPE, DEL_FLAG, CREATE_TIME, CREATE_USER, UPDATE_TIME, UPDATE_USER)
VALUES (12, '系统管理', '/SYSTEMADMIN', '系统管理', 'Y', 11, 'MENU', NULL, NULL, NULL, NULL, 'ADMIN');
INSERT INTO USI_RESOURCE (ID, NAME, ACTION, DESCN, ENABLED, PRIORITY, TYPE, DEL_FLAG, CREATE_TIME, CREATE_USER, UPDATE_TIME, UPDATE_USER)
VALUES (15, '个人工作室', '/WORKSPACE', '个人工作室', 'Y', 13, 'MENU', NULL, NULL, 'ADMIN', NULL, 'ADMIN');
INSERT INTO USI_RESOURCE (ID, NAME, ACTION, DESCN, ENABLED, PRIORITY, TYPE, DEL_FLAG, CREATE_TIME, CREATE_USER, UPDATE_TIME, UPDATE_USER)
VALUES (16, '操作管理', './OPERATION/INDEX', '操作管理', 'Y', 14, 'MENU', NULL, NULL, 'ADMIN', NULL, NULL);
INSERT INTO USI_RESOURCE (ID, NAME, ACTION, DESCN, ENABLED, PRIORITY, TYPE, DEL_FLAG, CREATE_TIME, CREATE_USER, UPDATE_TIME, UPDATE_USER)
VALUES (17, '工作流管理', '/FOWADMIN', '工作流管理', 'Y', 17, 'MENU', NULL, TO_DATE('11-08-2011 16:05:31', 'DD-MM-YYYY HH24:MI:SS'), 'ADMIN', NULL, NULL);
INSERT INTO USI_RESOURCE (ID, NAME, ACTION, DESCN, ENABLED, PRIORITY, TYPE, DEL_FLAG, CREATE_TIME, CREATE_USER, UPDATE_TIME, UPDATE_USER)
VALUES (18, '流程业务类型', './BUSINESSTYPE/INDEX', '流程业务类型', 'Y', 18, 'MENU', NULL, TO_DATE('11-08-2011 16:09:17', 'DD-MM-YYYY HH24:MI:SS'), 'ADMIN', NULL, NULL);
INSERT INTO USI_RESOURCE (ID, NAME, ACTION, DESCN, ENABLED, PRIORITY, TYPE, DEL_FLAG, CREATE_TIME, CREATE_USER, UPDATE_TIME, UPDATE_USER)
VALUES (19, '页面模板管理', './PAGETEMPLATE/INDEX', '页面模板管理', 'Y', 19, 'MENU', NULL, TO_DATE('11-08-2011 17:02:58', 'DD-MM-YYYY HH24:MI:SS'), 'ADMIN', NULL, NULL);
INSERT INTO USI_RESOURCE (ID, NAME, ACTION, DESCN, ENABLED, PRIORITY, TYPE, DEL_FLAG, CREATE_TIME, CREATE_USER, UPDATE_TIME, UPDATE_USER)
VALUES (20, '操作管理', './FLOWOPERATION/INDEX', '操作管理', 'Y', 20, 'MENU', NULL, TO_DATE('11-08-2011 17:30:33', 'DD-MM-YYYY HH24:MI:SS'), 'ADMIN', NULL, NULL);
INSERT INTO USI_RESOURCE (ID, NAME, ACTION, DESCN, ENABLED, PRIORITY, TYPE, DEL_FLAG, CREATE_TIME, CREATE_USER, UPDATE_TIME, UPDATE_USER)
VALUES (21, '新建任务', './LEAVE/NEWLEAVE', '新建任务', 'Y', 22, 'MENU', NULL, TO_DATE('12-08-2011 16:09:31', 'DD-MM-YYYY HH24:MI:SS'), 'ADMIN', NULL, NULL);
INSERT INTO USI_RESOURCE (ID, NAME, ACTION, DESCN, ENABLED, PRIORITY, TYPE, DEL_FLAG, CREATE_TIME, CREATE_USER, UPDATE_TIME, UPDATE_USER)
VALUES (22, '已处理任务', './LEAVE/FINISHEDLEAVE', '已处理任务', 'Y', 24, 'MENU', NULL, TO_DATE('12-08-2011 16:10:24', 'DD-MM-YYYY HH24:MI:SS'), 'ADMIN', NULL, NULL);
INSERT INTO USI_RESOURCE (ID, NAME, ACTION, DESCN, ENABLED, PRIORITY, TYPE, DEL_FLAG, CREATE_TIME, CREATE_USER, UPDATE_TIME, UPDATE_USER)
VALUES (24, '流程管理', './FLOW/INDEX', '流程管理', 'Y', 21, 'MENU', NULL, TO_DATE('11-08-2011 19:29:55', 'DD-MM-YYYY HH24:MI:SS'), 'ADMIN', NULL, NULL);
INSERT INTO USI_RESOURCE (ID, NAME, ACTION, DESCN, ENABLED, PRIORITY, TYPE, DEL_FLAG, CREATE_TIME, CREATE_USER, UPDATE_TIME, UPDATE_USER)
VALUES (25, '我的任务', './LEAVE/PERSONLEAVE', '我的任务', 'Y', 23, 'MENU', NULL, TO_DATE('12-08-2011 16:09:56', 'DD-MM-YYYY HH24:MI:SS'), 'ADMIN', NULL, NULL);
INSERT INTO USI_RESOURCE (ID, NAME, ACTION, DESCN, ENABLED, PRIORITY, TYPE, DEL_FLAG, CREATE_TIME, CREATE_USER, UPDATE_TIME, UPDATE_USER)
VALUES (221, '文件管理', '/ATTACHMENT/INDEX', NULL, 'Y', 7, 'MENU', NULL, NULL, NULL, NULL, NULL);
INSERT INTO USI_RESOURCE (ID, NAME, ACTION, DESCN, ENABLED, PRIORITY, TYPE, DEL_FLAG, CREATE_TIME, CREATE_USER, UPDATE_TIME, UPDATE_USER)
VALUES (231, '日志管理', '/LOGINLOG/INDEX', NULL, 'Y', 8, 'MENU', NULL, NULL, NULL, NULL, NULL);
INSERT INTO USI_RESOURCE (ID, NAME, ACTION, DESCN, ENABLED, PRIORITY, TYPE, DEL_FLAG, CREATE_TIME, CREATE_USER, UPDATE_TIME, UPDATE_USER)
VALUES (232, 'SQL管理', '/SCHEMAVERSION/INDEX', NULL, 'Y', 9, 'MENU', NULL, NULL, NULL, NULL, NULL);
COMMIT;
-----PROMPT 21 RECORDS LOADED
-----PROMPT LOADING USI_ROLE...
INSERT INTO USI_ROLE (ID, CODE, NAME, ENABLED, DESCN, DEL_FLAG, CREATE_TIME, CREATE_USER, UPDATE_TIME, UPDATE_USER)
VALUES (1, 'ROLE_ADMIN', '管理员角色', 'Y', NULL, NULL, NULL, NULL, NULL, NULL);
INSERT INTO USI_ROLE (ID, CODE, NAME, ENABLED, DESCN, DEL_FLAG, CREATE_TIME, CREATE_USER, UPDATE_TIME, UPDATE_USER)
VALUES (2, 'ROLE_USER', '普通用户', 'Y', NULL, NULL, NULL, NULL, NULL, NULL);
COMMIT;
-----PROMPT 2 RECORDS LOADED
-----PROMPT LOADING USI_ROLE_RESOURCE...
INSERT INTO USI_ROLE_RESOURCE (ROLE_ID, RESOURCE_ID)
VALUES (1, 4);
INSERT INTO USI_ROLE_RESOURCE (ROLE_ID, RESOURCE_ID)
VALUES (1, 5);
INSERT INTO USI_ROLE_RESOURCE (ROLE_ID, RESOURCE_ID)
VALUES (1, 6);
INSERT INTO USI_ROLE_RESOURCE (ROLE_ID, RESOURCE_ID)
VALUES (1, 7);
INSERT INTO USI_ROLE_RESOURCE (ROLE_ID, RESOURCE_ID)
VALUES (1, 8);
INSERT INTO USI_ROLE_RESOURCE (ROLE_ID, RESOURCE_ID)
VALUES (1, 10);
INSERT INTO USI_ROLE_RESOURCE (ROLE_ID, RESOURCE_ID)
VALUES (1, 11);
INSERT INTO USI_ROLE_RESOURCE (ROLE_ID, RESOURCE_ID)
VALUES (1, 12);
INSERT INTO USI_ROLE_RESOURCE (ROLE_ID, RESOURCE_ID)
VALUES (1, 15);
INSERT INTO USI_ROLE_RESOURCE (ROLE_ID, RESOURCE_ID)
VALUES (1, 16);
INSERT INTO USI_ROLE_RESOURCE (ROLE_ID, RESOURCE_ID)
VALUES (1, 17);
INSERT INTO USI_ROLE_RESOURCE (ROLE_ID, RESOURCE_ID)
VALUES (1, 18);
INSERT INTO USI_ROLE_RESOURCE (ROLE_ID, RESOURCE_ID)
VALUES (1, 19);
INSERT INTO USI_ROLE_RESOURCE (ROLE_ID, RESOURCE_ID)
VALUES (1, 20);
INSERT INTO USI_ROLE_RESOURCE (ROLE_ID, RESOURCE_ID)
VALUES (1, 21);
INSERT INTO USI_ROLE_RESOURCE (ROLE_ID, RESOURCE_ID)
VALUES (1, 22);
INSERT INTO USI_ROLE_RESOURCE (ROLE_ID, RESOURCE_ID)
VALUES (1, 23);
INSERT INTO USI_ROLE_RESOURCE (ROLE_ID, RESOURCE_ID)
VALUES (1, 24);
INSERT INTO USI_ROLE_RESOURCE (ROLE_ID, RESOURCE_ID)
VALUES (1, 25);
INSERT INTO USI_ROLE_RESOURCE (ROLE_ID, RESOURCE_ID)
VALUES (1, 221);
INSERT INTO USI_ROLE_RESOURCE (ROLE_ID, RESOURCE_ID)
VALUES (1, 231);
INSERT INTO USI_ROLE_RESOURCE (ROLE_ID, RESOURCE_ID)
VALUES (1, 232);
INSERT INTO USI_ROLE_RESOURCE (ROLE_ID, RESOURCE_ID)
VALUES (2, 221);
INSERT INTO USI_ROLE_RESOURCE (ROLE_ID, RESOURCE_ID)
VALUES (2, 231);
INSERT INTO USI_ROLE_RESOURCE (ROLE_ID, RESOURCE_ID)
VALUES (2, 232);
COMMIT;
-----PROMPT 25 RECORDS LOADED
-----PROMPT LOADING USI_USER...
INSERT INTO USI_USER (ID, USER_CODE, USER_NAME, PASSWORD, SALT, AREA_ID, ORG_ID, BIRTHDAY, GENDER, EMAIL, PHONE_NO, MPHONE_NO, ERROR_COUNT, LAST_LOGIN_TIME, PASSWD_INVAL_TIME, LOCK_TIME, DEL_FLAG, CREATE_TIME, CREATE_USER, UPDATE_TIME, UPDATE_USER)
VALUES (1, 'ADMIN', '系统管理员', 'D6D252BAC8E22D4DB7E11DB4A3A6DB1D', '6GILCJMZOWO6VAV1LXMQD6CMOGRAASQQ', 1, 1, NULL, 'F', 'BSLI123@HOTMAIL.COM', NULL, NULL, 0, TO_DATE('20-03-2013 13:44:08', 'DD-MM-YYYY HH24:MI:SS'), NULL, NULL, 0, TO_DATE('26-11-2011 09:27:52', 'DD-MM-YYYY HH24:MI:SS'), 'ANONYMOUSUSER', TO_DATE('26-11-2011 08:31:06', 'DD-MM-YYYY HH24:MI:SS'), 'ADMIN');
INSERT INTO USI_USER (ID, USER_CODE, USER_NAME, PASSWORD, SALT, AREA_ID, ORG_ID, BIRTHDAY, GENDER, EMAIL, PHONE_NO, MPHONE_NO, ERROR_COUNT, LAST_LOGIN_TIME, PASSWD_INVAL_TIME, LOCK_TIME, DEL_FLAG, CREATE_TIME, CREATE_USER, UPDATE_TIME, UPDATE_USER)
VALUES (2, 'USTC', '普通用户', 'D6D252BAC8E22D4DB7E11DB4A3A6DB1D', '6GILCJMZOWO6VAV1LXMQD6CMOGRAASQQ', 2, 2, NULL, 'M', 'BSLI123@HOTMAIL.COM', NULL, NULL, 0, TO_DATE('06-09-2012 11:31:07', 'DD-MM-YYYY HH24:MI:SS'), NULL, NULL, 0, TO_DATE('26-11-2011 09:27:52', 'DD-MM-YYYY HH24:MI:SS'), 'ANONYMOUSUSER', TO_DATE('26-11-2011 08:31:06', 'DD-MM-YYYY HH24:MI:SS'), 'ADMIN');
COMMIT;
-----PROMPT 2 RECORDS LOADED
-----PROMPT LOADING USI_USER_ROLE...
INSERT INTO USI_USER_ROLE (USER_ID, ROLE_ID)
VALUES (1, 1);
INSERT INTO USI_USER_ROLE (USER_ID, ROLE_ID)
VALUES (1, 2);
INSERT INTO USI_USER_ROLE (USER_ID, ROLE_ID)
VALUES (2, 2);
COMMIT;
-----PROMPT 3 RECORDS LOADED